,male,mean,mean,mean,mean
,,cigsPerDay,cigsPerDay,cigsPerDay,cigsPerDay
education,,1.0,2.0,3.0,4.0
0,0,4.67982924226254,7.025032938076416,5.768398268398268,5.591836734693878
1,1,13.536869340232858,14.243298969072164,12.986486486486486,12.313868613138686
